<rss xmlns:dc="http://purl.org/dc/elements/1.1/" vervoxon="2.0" xml:base="https://mparticle.crackle.com/video/">
<channel>
<title>mparticle.crackle.com</title>
<link>https://mparticle.crackle.com/video/</link>
<description/>

<item><title>	watch gcbyv gfdg sfsd livesfsdgfd stream</title><link>	https://mparticle.crackle.com/video/video-psg-ajax-vrouwen-op-tv-free-tv-live-00000153.html	</link><description>&lt;div class=&quot;field field-name-field-date field-type-datetime field-label-above;/div&gt;</description><dc:creator>royal</dc:creator><guid isPermaLink="false">13584 at	https://mparticle.crackle.com/video/video-psg-ajax-vrouwen-op-tv-free-tv-live-00000153.html	</guid></item>
<item><title>	watch gcbyv gfdg sfsd livesfsdgfd stream</title><link>	https://mparticle.crackle.com/video/video-psg-ajax-vrouwen-op-tv-free-tv-live-00000154.html	</link><description>&lt;div class=&quot;field field-name-field-date field-type-datetime field-label-above;/div&gt;</description><dc:creator>royal</dc:creator><guid isPermaLink="false">13584 at	https://mparticle.crackle.com/video/video-psg-ajax-vrouwen-op-tv-free-tv-live-00000154.html	</guid></item>
<item><title>	watch gcbyv gfdg sfsd livesfsdgfd stream</title><link>	https://mparticle.crackle.com/video/video-psg-ajax-vrouwen-op-tv-free-tv-live-00000155.html	</link><description>&lt;div class=&quot;field field-name-field-date field-type-datetime field-label-above;/div&gt;</description><dc:creator>royal</dc:creator><guid isPermaLink="false">13584 at	https://mparticle.crackle.com/video/video-psg-ajax-vrouwen-op-tv-free-tv-live-00000155.html	</guid></item>
<item><title>	watch gcbyv gfdg sfsd livesfsdgfd stream</title><link>	https://mparticle.crackle.com/video/video-psg-ajax-vrouwen-op-tv-free-tv-live-00000156.html	</link><description>&lt;div class=&quot;field field-name-field-date field-type-datetime field-label-above;/div&gt;</description><dc:creator>royal</dc:creator><guid isPermaLink="false">13584 at	https://mparticle.crackle.com/video/video-psg-ajax-vrouwen-op-tv-free-tv-live-00000156.html	</guid></item>
<item><title>	watch gcbyv gfdg sfsd livesfsdgfd stream</title><link>	https://mparticle.crackle.com/video/video-psg-ajax-vrouwen-op-tv-free-tv-live-00000157.html	</link><description>&lt;div class=&quot;field field-name-field-date field-type-datetime field-label-above;/div&gt;</description><dc:creator>royal</dc:creator><guid isPermaLink="false">13584 at	https://mparticle.crackle.com/video/video-psg-ajax-vrouwen-op-tv-free-tv-live-00000157.html	</guid></item>
<item><title>	watch gcbyv gfdg sfsd livesfsdgfd stream</title><link>	https://mparticle.crackle.com/video/video-psg-ajax-vrouwen-op-tv-free-tv-live-00000158.html	</link><description>&lt;div class=&quot;field field-name-field-date field-type-datetime field-label-above;/div&gt;</description><dc:creator>royal</dc:creator><guid isPermaLink="false">13584 at	https://mparticle.crackle.com/video/video-psg-ajax-vrouwen-op-tv-free-tv-live-00000158.html	</guid></item>
<item><title>	watch gcbyv gfdg sfsd livesfsdgfd stream</title><link>	https://mparticle.crackle.com/video/video-psg-ajax-vrouwen-op-tv-free-tv-live-00000159.html	</link><description>&lt;div class=&quot;field field-name-field-date field-type-datetime field-label-above;/div&gt;</description><dc:creator>royal</dc:creator><guid isPermaLink="false">13584 at	https://mparticle.crackle.com/video/video-psg-ajax-vrouwen-op-tv-free-tv-live-00000159.html	</guid></item>
<item><title>	watch gcbyv gfdg sfsd livesfsdgfd stream</title><link>	https://mparticle.crackle.com/video/video-psg-ajax-vrouwen-op-tv-free-tv-live-00000160.html	</link><description>&lt;div class=&quot;field field-name-field-date field-type-datetime field-label-above;/div&gt;</description><dc:creator>royal</dc:creator><guid isPermaLink="false">13584 at	https://mparticle.crackle.com/video/video-psg-ajax-vrouwen-op-tv-free-tv-live-00000160.html	</guid></item>
<item><title>	watch gcbyv gfdg sfsd livesfsdgfd stream</title><link>	https://mparticle.crackle.com/video/video-psg-ajax-vrouwen-op-tv-free-tv-live-00000161.html	</link><description>&lt;div class=&quot;field field-name-field-date field-type-datetime field-label-above;/div&gt;</description><dc:creator>royal</dc:creator><guid isPermaLink="false">13584 at	https://mparticle.crackle.com/video/video-psg-ajax-vrouwen-op-tv-free-tv-live-00000161.html	</guid></item>
<item><title>	watch gcbyv gfdg sfsd livesfsdgfd stream</title><link>	https://mparticle.crackle.com/video/video-psg-ajax-vrouwen-op-tv-free-tv-live-00000162.html	</link><description>&lt;div class=&quot;field field-name-field-date field-type-datetime field-label-above;/div&gt;</description><dc:creator>royal</dc:creator><guid isPermaLink="false">13584 at	https://mparticle.crackle.com/video/video-psg-ajax-vrouwen-op-tv-free-tv-live-00000162.html	</guid></item>
<item><title>	watch gcbyv gfdg sfsd livesfsdgfd stream</title><link>	https://mparticle.crackle.com/video/video-psg-ajax-vrouwen-op-tv-free-tv-live-00000163.html	</link><description>&lt;div class=&quot;field field-name-field-date field-type-datetime field-label-above;/div&gt;</description><dc:creator>royal</dc:creator><guid isPermaLink="false">13584 at	https://mparticle.crackle.com/video/video-psg-ajax-vrouwen-op-tv-free-tv-live-00000163.html	</guid></item>
<item><title>	watch gcbyv gfdg sfsd livesfsdgfd stream</title><link>	https://mparticle.crackle.com/video/video-psg-ajax-vrouwen-op-tv-free-tv-live-00000164.html	</link><description>&lt;div class=&quot;field field-name-field-date field-type-datetime field-label-above;/div&gt;</description><dc:creator>royal</dc:creator><guid isPermaLink="false">13584 at	https://mparticle.crackle.com/video/video-psg-ajax-vrouwen-op-tv-free-tv-live-00000164.html	</guid></item>
<item><title>	watch gcbyv gfdg sfsd livesfsdgfd stream</title><link>	https://mparticle.crackle.com/video/video-psg-ajax-vrouwen-op-tv-free-tv-live-00000165.html	</link><description>&lt;div class=&quot;field field-name-field-date field-type-datetime field-label-above;/div&gt;</description><dc:creator>royal</dc:creator><guid isPermaLink="false">13584 at	https://mparticle.crackle.com/video/video-psg-ajax-vrouwen-op-tv-free-tv-live-00000165.html	</guid></item>
<item><title>	watch gcbyv gfdg sfsd livesfsdgfd stream</title><link>	https://mparticle.crackle.com/video/video-psg-ajax-vrouwen-op-tv-free-tv-live-00000166.html	</link><description>&lt;div class=&quot;field field-name-field-date field-type-datetime field-label-above;/div&gt;</description><dc:creator>royal</dc:creator><guid isPermaLink="false">13584 at	https://mparticle.crackle.com/video/video-psg-ajax-vrouwen-op-tv-free-tv-live-00000166.html	</guid></item>
<item><title>	watch gcbyv gfdg sfsd livesfsdgfd stream</title><link>	https://mparticle.crackle.com/video/video-psg-ajax-vrouwen-op-tv-free-tv-live-00000167.html	</link><description>&lt;div class=&quot;field field-name-field-date field-type-datetime field-label-above;/div&gt;</description><dc:creator>royal</dc:creator><guid isPermaLink="false">13584 at	https://mparticle.crackle.com/video/video-psg-ajax-vrouwen-op-tv-free-tv-live-00000167.html	</guid></item>
<item><title>	watch gcbyv gfdg sfsd livesfsdgfd stream</title><link>	https://mparticle.crackle.com/video/video-psg-ajax-vrouwen-op-tv-free-tv-live-00000168.html	</link><description>&lt;div class=&quot;field field-name-field-date field-type-datetime field-label-above;/div&gt;</description><dc:creator>royal</dc:creator><guid isPermaLink="false">13584 at	https://mparticle.crackle.com/video/video-psg-ajax-vrouwen-op-tv-free-tv-live-00000168.html	</guid></item>
<item><title>	watch gcbyv gfdg sfsd livesfsdgfd stream</title><link>	https://mparticle.crackle.com/video/video-psg-ajax-vrouwen-op-tv-free-tv-live-00000169.html	</link><description>&lt;div class=&quot;field field-name-field-date field-type-datetime field-label-above;/div&gt;</description><dc:creator>royal</dc:creator><guid isPermaLink="false">13584 at	https://mparticle.crackle.com/video/video-psg-ajax-vrouwen-op-tv-free-tv-live-00000169.html	</guid></item>
<item><title>	watch gcbyv gfdg sfsd livesfsdgfd stream</title><link>	https://mparticle.crackle.com/video/video-psg-ajax-vrouwen-op-tv-free-tv-live-00000170.html	</link><description>&lt;div class=&quot;field field-name-field-date field-type-datetime field-label-above;/div&gt;</description><dc:creator>royal</dc:creator><guid isPermaLink="false">13584 at	https://mparticle.crackle.com/video/video-psg-ajax-vrouwen-op-tv-free-tv-live-00000170.html	</guid></item>
<item><title>	watch gcbyv gfdg sfsd livesfsdgfd stream</title><link>	https://mparticle.crackle.com/video/video-psg-ajax-vrouwen-op-tv-free-tv-live-00000171.html	</link><description>&lt;div class=&quot;field field-name-field-date field-type-datetime field-label-above;/div&gt;</description><dc:creator>royal</dc:creator><guid isPermaLink="false">13584 at	https://mparticle.crackle.com/video/video-psg-ajax-vrouwen-op-tv-free-tv-live-00000171.html	</guid></item>
</channel>
</rss>                