<rss xmlns:dc="http://purl.org/dc/elements/1.1/" vervoxon="2.0" xml:base="https://mparticle.crackle.com/video/">
<channel>
<title>mparticle.crackle.com</title>
<link>https://mparticle.crackle.com/video/</link>
<description/>

<item><title>	watch gcbyv gfdg sfsd livesfsdgfd stream</title><link>	https://mparticle.crackle.com/video/video-namibia-vs-mali-free-tv-liv-000041.html	</link><description>&lt;div class=&quot;field field-name-field-date field-type-datetime field-label-above;/div&gt;</description><dc:creator>royal</dc:creator><guid isPermaLink="false">13584 at	https://mparticle.crackle.com/video/video-namibia-vs-mali-free-tv-liv-000041.html	</guid></item>
<item><title>	watch gcbyv gfdg sfsd livesfsdgfd stream</title><link>	https://mparticle.crackle.com/video/video-namibia-vs-mali-free-tv-liv-000042.html	</link><description>&lt;div class=&quot;field field-name-field-date field-type-datetime field-label-above;/div&gt;</description><dc:creator>royal</dc:creator><guid isPermaLink="false">13584 at	https://mparticle.crackle.com/video/video-namibia-vs-mali-free-tv-liv-000042.html	</guid></item>
<item><title>	watch gcbyv gfdg sfsd livesfsdgfd stream</title><link>	https://mparticle.crackle.com/video/video-namibia-vs-mali-free-tv-liv-000043.html	</link><description>&lt;div class=&quot;field field-name-field-date field-type-datetime field-label-above;/div&gt;</description><dc:creator>royal</dc:creator><guid isPermaLink="false">13584 at	https://mparticle.crackle.com/video/video-namibia-vs-mali-free-tv-liv-000043.html	</guid></item>
<item><title>	watch gcbyv gfdg sfsd livesfsdgfd stream</title><link>	https://mparticle.crackle.com/video/video-namibia-vs-mali-free-tv-liv-000044.html	</link><description>&lt;div class=&quot;field field-name-field-date field-type-datetime field-label-above;/div&gt;</description><dc:creator>royal</dc:creator><guid isPermaLink="false">13584 at	https://mparticle.crackle.com/video/video-namibia-vs-mali-free-tv-liv-000044.html	</guid></item>
<item><title>	watch gcbyv gfdg sfsd livesfsdgfd stream</title><link>	https://mparticle.crackle.com/video/video-namibia-vs-mali-free-tv-liv-000045.html	</link><description>&lt;div class=&quot;field field-name-field-date field-type-datetime field-label-above;/div&gt;</description><dc:creator>royal</dc:creator><guid isPermaLink="false">13584 at	https://mparticle.crackle.com/video/video-namibia-vs-mali-free-tv-liv-000045.html	</guid></item>
<item><title>	watch gcbyv gfdg sfsd livesfsdgfd stream</title><link>	https://mparticle.crackle.com/video/video-namibia-vs-mali-free-tv-liv-000046.html	</link><description>&lt;div class=&quot;field field-name-field-date field-type-datetime field-label-above;/div&gt;</description><dc:creator>royal</dc:creator><guid isPermaLink="false">13584 at	https://mparticle.crackle.com/video/video-namibia-vs-mali-free-tv-liv-000046.html	</guid></item>
<item><title>	watch gcbyv gfdg sfsd livesfsdgfd stream</title><link>	https://mparticle.crackle.com/video/video-namibia-vs-mali-free-tv-liv-000047.html	</link><description>&lt;div class=&quot;field field-name-field-date field-type-datetime field-label-above;/div&gt;</description><dc:creator>royal</dc:creator><guid isPermaLink="false">13584 at	https://mparticle.crackle.com/video/video-namibia-vs-mali-free-tv-liv-000047.html	</guid></item>
<item><title>	watch gcbyv gfdg sfsd livesfsdgfd stream</title><link>	https://mparticle.crackle.com/video/video-africa-vs-tunisia-free-tv-live-000048.html	</link><description>&lt;div class=&quot;field field-name-field-date field-type-datetime field-label-above;/div&gt;</description><dc:creator>royal</dc:creator><guid isPermaLink="false">13584 at	https://mparticle.crackle.com/video/video-africa-vs-tunisia-free-tv-live-000048.html	</guid></item>
<item><title>	watch gcbyv gfdg sfsd livesfsdgfd stream</title><link>	https://mparticle.crackle.com/video/video-africa-vs-tunisia-free-tv-live-000049.html	</link><description>&lt;div class=&quot;field field-name-field-date field-type-datetime field-label-above;/div&gt;</description><dc:creator>royal</dc:creator><guid isPermaLink="false">13584 at	https://mparticle.crackle.com/video/video-africa-vs-tunisia-free-tv-live-000049.html	</guid></item>
<item><title>	watch gcbyv gfdg sfsd livesfsdgfd stream</title><link>	https://mparticle.crackle.com/video/video-africa-vs-tunisia-free-tv-live-000050.html	</link><description>&lt;div class=&quot;field field-name-field-date field-type-datetime field-label-above;/div&gt;</description><dc:creator>royal</dc:creator><guid isPermaLink="false">13584 at	https://mparticle.crackle.com/video/video-africa-vs-tunisia-free-tv-live-000050.html	</guid></item>
<item><title>	watch gcbyv gfdg sfsd livesfsdgfd stream</title><link>	https://mparticle.crackle.com/video/video-africa-vs-tunisia-free-tv-live-000051.html	</link><description>&lt;div class=&quot;field field-name-field-date field-type-datetime field-label-above;/div&gt;</description><dc:creator>royal</dc:creator><guid isPermaLink="false">13584 at	https://mparticle.crackle.com/video/video-africa-vs-tunisia-free-tv-live-000051.html	</guid></item>
<item><title>	watch gcbyv gfdg sfsd livesfsdgfd stream</title><link>	https://mparticle.crackle.com/video/video-africa-vs-tunisia-free-tv-live-000052.html	</link><description>&lt;div class=&quot;field field-name-field-date field-type-datetime field-label-above;/div&gt;</description><dc:creator>royal</dc:creator><guid isPermaLink="false">13584 at	https://mparticle.crackle.com/video/video-africa-vs-tunisia-free-tv-live-000052.html	</guid></item>
<item><title>	watch gcbyv gfdg sfsd livesfsdgfd stream</title><link>	https://mparticle.crackle.com/video/video-africa-vs-tunisia-free-tv-live-000053.html	</link><description>&lt;div class=&quot;field field-name-field-date field-type-datetime field-label-above;/div&gt;</description><dc:creator>royal</dc:creator><guid isPermaLink="false">13584 at	https://mparticle.crackle.com/video/video-africa-vs-tunisia-free-tv-live-000053.html	</guid></item>
<item><title>	watch gcbyv gfdg sfsd livesfsdgfd stream</title><link>	https://mparticle.crackle.com/video/video-africa-vs-tunisia-free-tv-live-000054.html	</link><description>&lt;div class=&quot;field field-name-field-date field-type-datetime field-label-above;/div&gt;</description><dc:creator>royal</dc:creator><guid isPermaLink="false">13584 at	https://mparticle.crackle.com/video/video-africa-vs-tunisia-free-tv-live-000054.html	</guid></item>
</channel>
</rss>                