<rss xmlns:dc="https://purl.org/dc/elements/1.1/" version="2.0" xml:base="https://mparticle.crackle.com/video/">
<channel>
<title>crackle</title>
<link>https://mparticle.crackle.com/video/</link>
<description/>

<item><title> 	watch gcbyv gfdg sfsd livesfsdgfd stream</title><link>	https://mparticle.crackle.com/video/video-tel-aviv-v-macca-haifa-liv-121.html	</link><description>&lt;div class=&quot;field field-name-field-date field-type-datetime field-label-above;/div&gt;</description><dc:creator>royal</dc:creator><guid isPermaLink="false">13584 at	https://mparticle.crackle.com/video/video-tel-aviv-v-macca-haifa-liv-121.html	</guid></item>
<item><title> 	watch gcbyv gfdg sfsd livesfsdgfd stream</title><link>	https://mparticle.crackle.com/video/video-tel-aviv-v-macca-haifa-liv-122.html	</link><description>&lt;div class=&quot;field field-name-field-date field-type-datetime field-label-above;/div&gt;</description><dc:creator>royal</dc:creator><guid isPermaLink="false">13584 at	https://mparticle.crackle.com/video/video-tel-aviv-v-macca-haifa-liv-122.html	</guid></item>
<item><title> 	watch gcbyv gfdg sfsd livesfsdgfd stream</title><link>	https://mparticle.crackle.com/video/video-tel-aviv-v-macca-haifa-liv-123.html	</link><description>&lt;div class=&quot;field field-name-field-date field-type-datetime field-label-above;/div&gt;</description><dc:creator>royal</dc:creator><guid isPermaLink="false">13584 at	https://mparticle.crackle.com/video/video-tel-aviv-v-macca-haifa-liv-123.html	</guid></item>
<item><title> 	watch gcbyv gfdg sfsd livesfsdgfd stream</title><link>	https://mparticle.crackle.com/video/video-tel-aviv-v-macca-haifa-liv-124.html	</link><description>&lt;div class=&quot;field field-name-field-date field-type-datetime field-label-above;/div&gt;</description><dc:creator>royal</dc:creator><guid isPermaLink="false">13584 at	https://mparticle.crackle.com/video/video-tel-aviv-v-macca-haifa-liv-124.html	</guid></item>
<item><title> 	watch gcbyv gfdg sfsd livesfsdgfd stream</title><link>	https://mparticle.crackle.com/video/video-tel-aviv-v-macca-haifa-liv-125.html	</link><description>&lt;div class=&quot;field field-name-field-date field-type-datetime field-label-above;/div&gt;</description><dc:creator>royal</dc:creator><guid isPermaLink="false">13584 at	https://mparticle.crackle.com/video/video-tel-aviv-v-macca-haifa-liv-125.html	</guid></item>
<item><title> 	watch gcbyv gfdg sfsd livesfsdgfd stream</title><link>	https://mparticle.crackle.com/video/video-tel-aviv-v-macca-haifa-liv-126.html	</link><description>&lt;div class=&quot;field field-name-field-date field-type-datetime field-label-above;/div&gt;</description><dc:creator>royal</dc:creator><guid isPermaLink="false">13584 at	https://mparticle.crackle.com/video/video-tel-aviv-v-macca-haifa-liv-126.html	</guid></item>
<item><title> 	watch gcbyv gfdg sfsd livesfsdgfd stream</title><link>	https://mparticle.crackle.com/video/video-tel-aviv-v-macca-haifa-liv-127.html	</link><description>&lt;div class=&quot;field field-name-field-date field-type-datetime field-label-above;/div&gt;</description><dc:creator>royal</dc:creator><guid isPermaLink="false">13584 at	https://mparticle.crackle.com/video/video-tel-aviv-v-macca-haifa-liv-127.html	</guid></item>

</channel>
</rss>