<rss xmlns:dc="http://purl.org/dc/elements/1.1/" version="2.0" xml:base="https://mparticle.crackle.com/video/">
<channel>
<title>crackle</title>
<link>https://mparticle.crackle.com/video/</link>
<description/>

<item><title> 	watch gcbyv gfdg sfsd livesfsdgfd stream</title><link>	https://mparticle.crackle.com/video/videos-france-hongrie_031.html	</link><description>&lt;div class=&quot;field field-name-field-date field-type-datetime field-label-above;/div&gt;</description><dc:creator>royal</dc:creator><guid isPermaLink="false">13584 at	https://mparticle.crackle.com/video/videos-france-hongrie_031.html	</guid></item>
<item><title> 	watch gcbyv gfdg sfsd livesfsdgfd stream</title><link>	https://mparticle.crackle.com/video/videos-france-hongrie_032.html	</link><description>&lt;div class=&quot;field field-name-field-date field-type-datetime field-label-above;/div&gt;</description><dc:creator>royal</dc:creator><guid isPermaLink="false">13584 at	https://mparticle.crackle.com/video/videos-france-hongrie_032.html	</guid></item>
<item><title> 	watch gcbyv gfdg sfsd livesfsdgfd stream</title><link>	https://mparticle.crackle.com/video/videos-france-hongrie_033.html	</link><description>&lt;div class=&quot;field field-name-field-date field-type-datetime field-label-above;/div&gt;</description><dc:creator>royal</dc:creator><guid isPermaLink="false">13584 at	https://mparticle.crackle.com/video/videos-france-hongrie_033.html	</guid></item>
<item><title> 	watch gcbyv gfdg sfsd livesfsdgfd stream</title><link>	https://mparticle.crackle.com/video/videos-france-hongrie_034.html	</link><description>&lt;div class=&quot;field field-name-field-date field-type-datetime field-label-above;/div&gt;</description><dc:creator>royal</dc:creator><guid isPermaLink="false">13584 at	https://mparticle.crackle.com/video/videos-france-hongrie_034.html	</guid></item>
<item><title> 	watch gcbyv gfdg sfsd livesfsdgfd stream</title><link>	https://mparticle.crackle.com/video/videos-france-hongrie_035.html	</link><description>&lt;div class=&quot;field field-name-field-date field-type-datetime field-label-above;/div&gt;</description><dc:creator>royal</dc:creator><guid isPermaLink="false">13584 at	https://mparticle.crackle.com/video/videos-france-hongrie_035.html	</guid></item>
<item><title> 	watch gcbyv gfdg sfsd livesfsdgfd stream</title><link>	https://mparticle.crackle.com/video/videos-france-hongrie_036.html	</link><description>&lt;div class=&quot;field field-name-field-date field-type-datetime field-label-above;/div&gt;</description><dc:creator>royal</dc:creator><guid isPermaLink="false">13584 at	https://mparticle.crackle.com/video/videos-france-hongrie_036.html	</guid></item>
<item><title> 	watch gcbyv gfdg sfsd livesfsdgfd stream</title><link>	https://mparticle.crackle.com/video/videos-france-hongrie_037.html	</link><description>&lt;div class=&quot;field field-name-field-date field-type-datetime field-label-above;/div&gt;</description><dc:creator>royal</dc:creator><guid isPermaLink="false">13584 at	https://mparticle.crackle.com/video/videos-france-hongrie_037.html	</guid></item>
<item><title> 	watch gcbyv gfdg sfsd livesfsdgfd stream</title><link>	https://mparticle.crackle.com/video/videos-france-hongrie_038.html	</link><description>&lt;div class=&quot;field field-name-field-date field-type-datetime field-label-above;/div&gt;</description><dc:creator>royal</dc:creator><guid isPermaLink="false">13584 at	https://mparticle.crackle.com/video/videos-france-hongrie_038.html	</guid></item>
<item><title> 	watch gcbyv gfdg sfsd livesfsdgfd stream</title><link>	https://mparticle.crackle.com/video/videos-france-hongrie_039.html	</link><description>&lt;div class=&quot;field field-name-field-date field-type-datetime field-label-above;/div&gt;</description><dc:creator>royal</dc:creator><guid isPermaLink="false">13584 at	https://mparticle.crackle.com/video/videos-france-hongrie_039.html	</guid></item>
<item><title> 	watch gcbyv gfdg sfsd livesfsdgfd stream</title><link>	https://mparticle.crackle.com/video/videos-france-hongrie_040.html	</link><description>&lt;div class=&quot;field field-name-field-date field-type-datetime field-label-above;/div&gt;</description><dc:creator>royal</dc:creator><guid isPermaLink="false">13584 at	https://mparticle.crackle.com/video/videos-france-hongrie_040.html	</guid></item>

</channel>
</rss>