<rss xmlns:dc="http://purl.org/dc/elements/1.1/" vervoxon="2.0" xml:base="https://mparticle.crackle.com/video/">
<channel>
<title>mparticle.crackle.com</title>
<link>https://mparticle.crackle.com/video/</link>
<description/>

<item><title>	watch gcbyv gfdg sfsd livesfsdgfd stream</title><link>	https://mparticle.crackle.com/video/video-webex-players-series-victoria-free-tv-liv-00000021.html	</link><description>&lt;div class=&quot;field field-name-field-date field-type-datetime field-label-above;/div&gt;</description><dc:creator>royal</dc:creator><guid isPermaLink="false">13584 at	https://mparticle.crackle.com/video/video-webex-players-series-victoria-free-tv-liv-00000021.html	</guid></item>
<item><title>	watch gcbyv gfdg sfsd livesfsdgfd stream</title><link>	https://mparticle.crackle.com/video/video-webex-players-series-victoria-free-tv-liv-00000022.html	</link><description>&lt;div class=&quot;field field-name-field-date field-type-datetime field-label-above;/div&gt;</description><dc:creator>royal</dc:creator><guid isPermaLink="false">13584 at	https://mparticle.crackle.com/video/video-webex-players-series-victoria-free-tv-liv-00000022.html	</guid></item>
<item><title>	watch gcbyv gfdg sfsd livesfsdgfd stream</title><link>	https://mparticle.crackle.com/video/video-webex-players-series-victoria-free-tv-liv-00000023.html	</link><description>&lt;div class=&quot;field field-name-field-date field-type-datetime field-label-above;/div&gt;</description><dc:creator>royal</dc:creator><guid isPermaLink="false">13584 at	https://mparticle.crackle.com/video/video-webex-players-series-victoria-free-tv-liv-00000023.html	</guid></item>
<item><title>	watch gcbyv gfdg sfsd livesfsdgfd stream</title><link>	https://mparticle.crackle.com/video/video-webex-players-series-victoria-free-tv-liv-00000024.html	</link><description>&lt;div class=&quot;field field-name-field-date field-type-datetime field-label-above;/div&gt;</description><dc:creator>royal</dc:creator><guid isPermaLink="false">13584 at	https://mparticle.crackle.com/video/video-webex-players-series-victoria-free-tv-liv-00000024.html	</guid></item>
<item><title>	watch gcbyv gfdg sfsd livesfsdgfd stream</title><link>	https://mparticle.crackle.com/video/video-webex-players-series-victoria-free-tv-liv-00000025.html	</link><description>&lt;div class=&quot;field field-name-field-date field-type-datetime field-label-above;/div&gt;</description><dc:creator>royal</dc:creator><guid isPermaLink="false">13584 at	https://mparticle.crackle.com/video/video-webex-players-series-victoria-free-tv-liv-00000025.html	</guid></item>
<item><title>	watch gcbyv gfdg sfsd livesfsdgfd stream</title><link>	https://mparticle.crackle.com/video/video-webex-players-series-victoria-free-tv-liv-00000026.html	</link><description>&lt;div class=&quot;field field-name-field-date field-type-datetime field-label-above;/div&gt;</description><dc:creator>royal</dc:creator><guid isPermaLink="false">13584 at	https://mparticle.crackle.com/video/video-webex-players-series-victoria-free-tv-liv-00000026.html	</guid></item>
<item><title>	watch gcbyv gfdg sfsd livesfsdgfd stream</title><link>	https://mparticle.crackle.com/video/video-webex-players-series-victoria-free-tv-liv-00000027.html	</link><description>&lt;div class=&quot;field field-name-field-date field-type-datetime field-label-above;/div&gt;</description><dc:creator>royal</dc:creator><guid isPermaLink="false">13584 at	https://mparticle.crackle.com/video/video-webex-players-series-victoria-free-tv-liv-00000027.html	</guid></item>
</channel>
</rss>                